file_name,composer,composer_label,pitch_entropy,rhythmic_entropy,average_interval_size,average_vertical_density,average_polyphonic_voices,fractal_dimension,num_notes,pitch_std,pitch_range,number_of_instruments,unique_note_values,average_beat_gap,most_common_note,average_note_length,largest_leap,orch_outer_voice_motion_index,orch_harmonic_change_entropy,orch_global_npvi
2082.csv,Cambini,3,3.1999,4.8299,9.7854,3.2317,3.2317,1.2585,2159,0.3923827360541921,3.4192708333333,5,38,0.1112140871177015,0.2241778601204261,0.3755874150842601,3.3125,31.058020477815703,2.8346482102251453,37.555227069294425
2076.csv,Cambini,3,3.1358,4.745,10.0636,2.772,2.772,1.1971,1180,0.7192811814982151,7.4375,5,38,0.1603053435114503,0.2203389830508474,0.4733192090393939,7.28125,46.32034632034632,2.469371478790769,37.28024665009325
2083.csv,Cambini,3,2.9643,4.5925,9.7576,2.783,2.783,1.3318,3235,0.513829742055371,8.329166666667,5,40,0.1297155225726654,0.3431221020092735,0.3239457753733514,8.21875,27.386541471048517,2.957132989107298,28.54974468044296
2077.csv,Cambini,3,2.8784,4.5758,10.3436,2.8918,2.8918,1.2961,2379,0.7602338976878249,6.766666666667,5,36,0.2203532380151387,0.1025641025641025,0.6440757671290072,6.65625,29.503105590062116,3.11293962758724,35.8926103371168
2078.csv,Cambini,3,3.2515,4.9319,9.9101,2.7952,2.7952,1.4039,3726,0.7714886814181269,8.766666666667,5,48,0.1971812080536912,0.1765968867418142,0.5597770173554867,8.4375,45.36817102137768,3.3316489708455066,30.069727096182167
2080.csv,Cambini,3,3.258,4.8146,10.6574,2.5258,2.5258,1.3607,3037,0.5147565046342965,6.891666666667,5,37,0.1694664031620553,0.4349687191307211,0.4111355778727675,6.779166666667,39.49447077409162,3.26293916983895,30.8456879735478
2079.csv,Cambini,3,3.1953,4.8511,10.7223,2.7013,2.7013,1.2988,1690,0.6313764077595961,8.56875,5,39,0.1571936056838365,0.2029585798816568,0.4589644970412976,8.516666666667,52.352941176470594,3.03518755663976,32.14541560286782
2081.csv,Cambini,3,3.0643,4.7436,10.4518,3.1277,3.1277,1.3943,3195,0.7900179258852074,8.8125,5,45,0.1948184095178459,0.1652582159624413,0.6347857981221073,8.65625,32.733224222585925,3.218515337600155,31.94449022002487
2075.csv,Cambini,3,3.0258,4.667,9.9151,3.3292,3.3292,1.4104,4219,0.7822548825353152,16.8125,5,46,0.1626363205310573,0.1791893813699928,0.5220184482895335,16.4375,26.80722891566265,3.0388966901458754,30.638941381380267
